loggingTime(txt),locationTimestamp_since1970(s),locationLatitude(WGS84),locationLongitude(WGS84),locationAltitude(m),locationSpeed(m/s),locationSpeedAccuracy(m/s),locationCourse(°),locationCourseAccuracy(°),locationVerticalAccuracy(m),locationHorizontalAccuracy(m),locationFloor(Z),accelerometerTimestamp_sinceReboot(s),accelerometerAccelerationX(G),accelerometerAccelerationY(G),accelerometerAccelerationZ(G),motionTimestamp_sinceReboot(s),motionYaw(rad),motionRoll(rad),motionPitch(rad),motionRotationRateX(rad/s),motionRotationRateY(rad/s),motionRotationRateZ(rad/s),motionUserAccelerationX(G),motionUserAccelerationY(G),motionUserAccelerationZ(G),motionAttitudeReferenceFrame(txt),motionQuaternionX(R),motionQuaternionY(R),motionQuaternionZ(R),motionQuaternionW(R),motionGravityX(G),motionGravityY(G),motionGravityZ(G),motionMagneticFieldX(µT),motionMagneticFieldY(µT),motionMagneticFieldZ(µT),motionHeading(°),motionMagneticFieldCalibrationAccuracy(Z),activityTimestamp_sinceReboot(s),activity(txt),activityActivityConfidence(Z),activityActivityStartDate(txt),pedometerStartDate(txt),pedometerNumberofSteps(N),pedometerAverageActivePace(s/m),pedometerCurrentPace(s/m),pedometerCurrentCadence(steps/s),pedometerDistance(m),pedometerFloorAscended(N),pedometerFloorDescended(N),pedometerEndDate(txt),altimeterTimestamp_sinceReboot(s),altimeterReset(bool),altimeterRelativeAltitude(m),altimeterPressure(kPa),batteryState(N),batteryLevel(R)
2022-05-05T13:02:11.522+02:00,1651748530.99997,53.22893240109126,10.39802129143241,36.96701,0,20,-1,-1,2.400000095367432,7.999579855010836,-9999,5155.250467000001,0.1001129150390625,-0.6515350341796875,-0.7668914794921875,5155.240471,-2.764483478191182,0.06416480656244927,0.5302985187883854,0.08520639687776566,-0.2092695981264114,-0.2652821838855743,0.08059584349393845,-0.1577834486961365,0.09658348560333252,XArbitraryZVertical,-0.07950107810719591,0.2514738879163095,0.9458856532348142,-0.1890527652369872,0.05531419068574905,-0.5057908892631531,-0.8608809113502502,0,0,0,-1,-1,5154.156747125,walking,2,2022-05-05T13:02:10.389+02:00,2022-05-05T12:55:18.700+02:00,270,0.8798907,0.7205021,1.900869,196.189,0,0,2022-05-05T13:02:05.264+02:00,673441330.3886673,0,1.45,101.4296,1,0.87
2022-05-05T13:02:11.529+02:00,1651748530.99997,53.22893240109126,10.39802129143241,36.96701,0,20,-1,-1,2.400000095367432,7.999579855010836,-9999,5155.260462,0.1141357421875,-0.680206298828125,-0.762542724609375,5155.250467000001,-2.767639880268329,0.06367100655221516,0.5308938326573069,0.05928398668766022,-0.2069973945617676,-0.2724839150905609,0.05584785342216492,-0.131589412689209,0.0892757773399353,XArbitraryZVertical,-0.07892141551144624,0.2519278955650291,0.9461240084601268,-0.1874920977566601,0.05486991256475449,-0.5063043236732483,-0.8606075048446655,0,0,0,-1,-1,5154.156747125,walking,2,2022-05-05T13:02:10.389+02:00,2022-05-05T12:55:18.700+02:00,270,0.8798907,0.7205021,1.900869,196.189,0,0,2022-05-05T13:02:05.264+02:00,673441330.3886673,0,1.45,101.4296,1,0.87
2022-05-05T13:02:11.531+02:00,1651748530.99997,53.22893240109126,10.39802129143241,36.96701,0,20,-1,-1,2.400000095367432,7.999579855010836,-9999,5155.270458,0.1203460693359375,-0.6717529296875,-0.777740478515625,5155.260462,-2.77079815067001,0.06312692418689872,0.5309579839502238,-0.01273071765899658,-0.226879820227623,-0.2648227214813232,0.04571329802274704,-0.1451754570007324,0.09371340274810791,XArbitraryZVertical,-0.07827146370645578,0.2521332387149792,0.946431832746559,-0.1859286681684094,0.05439961329102516,-0.5063596367835999,-0.8606048226356506,0,0,0,-1,-1,5154.156747125,walking,2,2022-05-05T13:02:10.389+02:00,2022-05-05T12:55:18.700+02:00,270,0.8798907,0.7205021,1.900869,196.189,0,0,2022-05-05T13:02:05.264+02:00,673441330.3886673,0,1.45,101.4296,1,0.87
2022-05-05T13:02:11.533+02:00,1651748530.99997,53.22893240109126,10.39802129143241,36.96701,0,20,-1,-1,2.400000095367432,7.999579855010836,-9999,5155.280453,0.1006317138671875,-0.6630401611328125,-0.7991180419921875,5155.270458,-2.7736772130839,0.06212202527752293,0.5302964706636718,-0.082598477602005,-0.2589730322360992,-0.2442956417798996,0.06058017909526825,-0.17441725730896,0.0984504222869873,XArbitraryZVertical,-0.07737703952889893,0.2520242590125009,0.9468244266054227,-0.184445328242563,0.05355554819107056,-0.5057891011238098,-0.8609931468963623,0,0,0,-1,-1,5154.156747125,walking,2,2022-05-05T13:02:10.389+02:00,2022-05-05T12:55:18.700+02:00,270,0.8798907,0.7205021,1.900869,196.189,0,0,2022-05-05T13:02:05.264+02:00,673441330.3886673,0,1.45,101.4296,1,0.87
2022-05-05T13:02:11.537+02:00,1651748530.99997,53.22893240109126,10.39802129143241,36.96701,0,20,-1,-1,2.400000095367432,7.999579855010836,-9999,5155.290449,0.100006103515625,-0.66162109375,-0.8113555908203125,5155.280453,-2.776252090034586,0.06078442542568325,0.5291375163865789,-0.1194775700569153,-0.2638347148895264,-0.2143642902374268,0.06790665537118912,-0.166964054107666,0.0839080810546875,XArbitraryZVertical,-0.07632208260759975,0.2516956137724978,0.9472645818332986,-0.1830683512293935,0.05243941023945808,-0.5047889947891235,-0.8616484999656677,0,0,0,-1,-1,5154.156747125,walking,2,2022-05-05T13:02:10.389+02:00,2022-05-05T12:55:18.700+02:00,270,0.8798907,0.7205021,1.900869,196.189,0,0,2022-05-05T13:02:05.264+02:00,673441330.3886673,0,1.45,101.4296,1,0.87
2022-05-05T13:02:11.540+02:00,1651748530.99997,53.22893240109126,10.39802129143241,36.96701,0,20,-1,-1,2.400000095367432,7.999579855010836,-9999,5155.300444,0.1041717529296875,-0.6609344482421875,-0.8211822509765625,5155.290449,-2.778439584074489,0.05916543182957275,0.5276169861017609,-0.1620327532291412,-0.2795135378837585,-0.1813349723815918,0.04954204708337784,-0.1595644354820251,0.06337952613830566,XArbitraryZVertical,-0.0751530599189119,0.2512036340022911,0.9477246262464256,-0.1818428035218538,0.05108966678380966,-0.5034758448600769,-0.8624975085258484,0,0,0,-1,-1,5154.156747125,walking,2,2022-05-05T13:02:10.389+02:00,2022-05-05T12:55:18.700+02:00,270,0.8798907,0.7205021,1.900869,196.189,0,0,2022-05-05T13:02:05.264+02:00,673441330.3886673,0,1.45,101.4296,1,0.87
2022-05-05T13:02:11.543+02:00,1651748530.99997,53.22893240109126,10.39802129143241,36.96701,0,20,-1,-1,2.400000095367432,7.999579855010836,-9999,5155.31044,0.1029510498046875,-0.6559600830078125,-0.8297882080078125,5155.300444,-2.780219511212239,0.05719333184234327,0.525721079893633,-0.1958473771810532,-0.2890778779983521,-0.1507665365934372,0.05056298524141312,-0.1597843766212463,0.05219250917434692,XArbitraryZVertical,-0.073837298483141,0.2505474702726698,0.9482069309355773,-0.1807700638950093,0.04944311082363129,-0.5018368363380432,-0.8635480403900146,0,0,0,-1,-1,5154.156747125,walking,2,2022-05-05T13:02:10.389+02:00,2022-05-05T12:55:18.700+02:00,270,0.8798907,0.7205021,1.900869,196.189,0,0,2022-05-05T13:02:05.264+02:00,673441330.3886673,0,1.45,101.4296,1,0.87
2022-05-05T13:02:11.556+02:00,1651748530.99997,53.22893240109126,10.39802129143241,36.96701,0,20,-1,-1,2.400000095367432,7.999579855010836,-9999,5155.320435000001,0.098663330078125,-0.6380462646484375,-0.8459320068359375,5155.31044,-2.781679846201839,0.05498980023817189,0.5236766149200625,-0.1890081167221069,-0.2984492778778076,-0.1255024671554565,0.05657532066106796,-0.1608671545982361,0.0434952974319458,XArbitraryZVertical,-0.07243997745072242,0.2498273242349522,0.9486848211189917,-0.1798221743513861,0.04759642854332924,-0.500067412853241,-0.8646774888038635,0,0,0,-1,-1,5154.156747125,walking,2,2022-05-05T13:02:10.389+02:00,2022-05-05T12:55:18.700+02:00,270,0.8798907,0.7205021,1.900869,196.189,0,0,2022-05-05T13:02:05.264+02:00,673441330.3886673,0,1.45,101.4296,1,0.87
2022-05-05T13:02:11.563+02:00,1651748530.99997,53.22893240109126,10.39802129143241,36.96701,0,20,-1,-1,2.400000095367432,7.999579855010836,-9999,5155.330431,0.0753173828125,-0.63299560546875,-0.861602783203125,5155.320435000001,-2.782882078374505,0.05253059247600319,0.5219594352011847,-0.1422084718942642,-0.3103436827659607,-0.1011332720518112,0.05743616074323654,-0.1573805809020996,0.03586006164550781,XArbitraryZVertical,-0.07098091551085152,0.249274178403507,0.9491030328337202,-0.1789626176614565,0.04551488533616066,-0.4985796213150024,-0.8656482100486755,0,0,0,-1,-1,5154.156747125,walking,2,2022-05-05T13:02:10.389+02:00,2022-05-05T12:55:18.700+02:00,270,0.8798907,0.7205021,1.900869,196.189,0,0,2022-05-05T13:02:05.264+02:00,673441330.3886673,0,1.45,101.4296,1,0.87
2022-05-05T13:02:11.573+02:00,1651748530.99997,53.22893240109126,10.39802129143241,36.96701,0,20,-1,-1,2.400000095367432,7.999579855010836,-9999,5155.340426000001,0.0739898681640625,-0.637115478515625,-0.8746185302734375,5155.330431,-2.783893279758184,0.05000996740813399,0.5207779216044933,-0.08381494879722595,-0.2940635085105896,-0.08937808871269226,0.05530112981796265,-0.1404912769794464,0.02041596174240112,XArbitraryZVertical,-0.06956077215713366,0.2489725755317828,0.9494343016979574,-0.1781814316113928,0.04336218535900116,-0.4975550770759583,-0.8663479089736938,0,0,0,-1,-1,5154.156747125,walking,2,2022-05-05T13:02:10.389+02:00,2022-05-05T12:55:18.700+02:00,270,0.8798907,0.7205021,1.900869,196.189,0,0,2022-05-05T13:02:05.264+02:00,673441330.3886673,0,1.45,101.4296,1,0.87
2022-05-05T13:02:11.583+02:00,1651748530.99997,53.22893240109126,10.39802129143241,36.96701,0,20,-1,-1,2.400000095367432,7.999579855010836,-9999,5155.350422,0.068084716796875,-0.636505126953125,-0.887542724609375,5155.340426000001,-2.784890773590151,0.04759685720156762,0.520252436969691,-0.01289496943354607,-0.2873068153858185,-0.09022790193557739,0.03403346613049507,-0.1358965039253235,0.005108356475830078,XArbitraryZVertical,-0.06824743909862725,0.2489714140438184,0.9496736500319332,-0.1774133133513065,0.04128390178084373,-0.4970991909503937,-0.8667110204696655,0,0,0,-1,-1,5154.156747125,walking,2,2022-05-05T13:02:10.389+02:00,2022-05-05T12:55:18.700+02:00,270,0.8798907,0.7205021,1.900869,196.189,0,0,2022-05-05T13:02:05.264+02:00,673441330.3886673,0,1.45,101.4296,1,0.87
2022-05-05T13:02:11.593+02:00,1651748530.99997,53.22893240109126,10.39802129143241,36.96701,0,20,-1,-1,2.400000095367432,7.999579855010836,-9999,5155.360417,0.07110595703125,-0.668975830078125,-0.9013519287109375,5155.350422,-2.785968398950117,0.04535855004382181,0.5204063441307993,0.04959237575531006,-0.2649844586849213,-0.09788102656602859,0.03464949503540993,-0.1398828327655792,-0.007893621921539307,XArbitraryZVertical,-0.06706300811083314,0.249279229745885,0.9498249519652361,-0.1766209559612023,0.03934036567807198,-0.4972327351570129,-0.8667248487472534,0,0,0,-1,-1,5154.156747125,walking,2,2022-05-05T13:02:10.389+02:00,2022-05-05T12:55:18.700+02:00,270,0.8798907,0.7205021,1.900869,196.189,0,0,2022-05-05T13:02:05.264+02:00,673441330.3886673,0,1.45,101.4296,1,0.87
2022-05-05T13:02:11.603+02:00,1651748530.99997,53.22893240109126,10.39802129143241,36.96701,0,20,-1,-1,2.400000095367432,7.999579855010836,-9999,5155.370413000001,0.0720977783203125,-0.7129974365234375,-0.932464599609375,5155.360417,-2.787085456096513,0.04329354657857928,0.520988701493785,0.06697779148817062,-0.2599054872989655,-0.09098989516496658,0.03054675087332726,-0.138767272233963,-0.02102786302566528,XArbitraryZVertical,-0.06599093882916028,0.2497755059071519,0.9499172107988035,-0.1758256935181793,0.03753795474767685,-0.4977379143238068,-0.8665148019790649,0,0,0,-1,-1,5154.156747125,walking,2,2022-05-05T13:02:10.389+02:00,2022-05-05T12:55:18.700+02:00,270,0.8798907,0.7205021,1.900869,196.189,0,0,2022-05-05T13:02:05.264+02:00,673441330.3886673,0,1.45,101.4296,1,0.87
2022-05-05T13:02:11.613+02:00,1651748530.99997,53.22893240109126,10.39802129143241,36.96701,0,20,-1,-1,2.400000095367432,7.999579855010836,-9999,5155.380408,0.062286376953125,-0.7458648681640625,-0.9648895263671875,5155.370413000001,-2.788087537717351,0.04108047463773668,0.521437293170454,0.02458772622048855,-0.2802072763442993,-0.08299428969621658,0.03549491241574287,-0.1708489656448364,-0.03497928380966187,XArbitraryZVertical,-0.06485145878913556,0.2502159198765071,0.9500198446434114,-0.1750674274049756,0.03561102971434593,-0.4981269240379333,-0.8663725852966309,0,0,0,-1,-1,5154.156747125,walking,2,2022-05-05T13:02:10.389+02:00,2022-05-05T12:55:18.700+02:00,270,0.8798907,0.7205021,1.900869,196.189,0,0,2022-05-05T13:02:05.264+02:00,673441330.3886673,0,1.45,101.4296,1,0.87
2022-05-05T13:02:11.623+02:00,1651748530.99997,53.22893240109126,10.39802129143241,36.96701,0,20,-1,-1,2.400000095367432,7.999579855010836,-9999,5155.390404000001,0.0547027587890625,-0.7484130859375,-0.9751739501953125,5155.380408,-2.789095398227128,0.03868577294915291,0.5212137907457437,-0.0724991112947464,-0.2984893023967743,-0.1011360734701157,0.03855723887681961,-0.2150644063949585,-0.06589794158935547,XArbitraryZVertical,-0.06356932039348344,0.2503510499428188,0.9502134854880891,-0.1742918973330224,0.03354053199291229,-0.4979331195354462,-0.8665665984153748,0,0,0,-1,-1,5154.156747125,walking,2,2022-05-05T13:02:10.389+02:00,2022-05-05T12:55:18.700+02:00,270,0.8798907,0.7205021,1.900869,196.189,0,0,2022-05-05T13:02:05.264+02:00,673441330.3886673,0,1.45,101.4296,1,0.87
2022-05-05T13:02:11.633+02:00,1651748530.99997,53.22893240109126,10.39802129143241,36.96701,0,20,-1,-1,2.400000095367432,7.999579855010836,-9999,5155.400399,0.0564422607421875,-0.716156005859375,-0.9658050537109375,5155.390404000001,-2.790394916924514,0.03625863114385478,0.519850931817478,-0.1861156821250916,-0.3145662546157837,-0.1342748552560806,0.03082464635372162,-0.2491142153739929,-0.09756666421890259,XArbitraryZVertical,-0.06214141983544336,0.2499540601433429,0.9505775680106213,-0.1733893668817216,0.03146172687411308,-0.4967507719993591,-0.8673228025436401,0,0,0,-1,-1,5154.156747125,walking,2,2022-05-05T13:02:10.389+02:00,2022-05-05T12:55:18.700+02:00,270,0.8798907,0.7205021,1.900869,196.189,0,0,2022-05-05T13:02:05.264+02:00,673441330.3886673,0,1.45,101.4296,1,0.87
2022-05-05T13:02:11.643+02:00,1651748530.99997,53.22893240109126,10.39802129143241,36.96701,0,20,-1,-1,2.400000095367432,7.999579855010836,-9999,5155.410395,0.046966552734375,-0.6849212646484375,-0.9534149169921875,5155.400399,-2.792041848155119,0.0338703539620909,0.5175766549093891,-0.2519413828849792,-0.3241862654685974,-0.16266268491745,0.02527433447539806,-0.2536374926567078,-0.1066515445709229,XArbitraryZVertical,-0.06061400152123108,0.2491280605082857,0.9510835497428527,-0.1723401753953281,0.02942841127514839,-0.494775652885437,-0.8685222864151001,0,0,0,-1,-1,5154.156747125,walking,2,2022-05-05T13:02:10.389+02:00,2022-05-05T12:55:18.700+02:00,270,0.8798907,0.7205021,1.900869,196.189,0,0,2022-05-05T13:02:05.264+02:00,673441330.3886673,0,1.45,101.4296,1,0.87
2022-05-05T13:02:11.653+02:00,1651748530.99997,53.22893240109126,10.39802129143241,36.96701,0,20,-1,-1,2.400000095367432,7.999579855010836,-9999,5155.42039,0.0359344482421875,-0.6526336669921875,-0.951019287109375,5155.410395,-2.79387713445489,0.03149784968303688,0.5148561242446121,-0.2760334014892578,-0.3304809033870697,-0.1734913736581802,0.02903220057487488,-0.2237464785575867,-0.09587311744689941,XArbitraryZVertical,-0.0590348194541734,0.248090607681797,0.9516578889445779,-0.171211347438249,0.02741004899144173,-0.4924096167087555,-0.8699318766593933,0,0,0,-1,-1,5154.156747125,walking,2,2022-05-05T13:02:10.389+02:00,2022-05-05T12:55:18.700+02:00,270,0.8798907,0.7205021,1.900869,196.189,0,0,2022-05-05T13:02:05.264+02:00,673441330.3886673,0,1.45,101.4296,1,0.87
2022-05-05T13:02:11.663+02:00,1651748530.99997,53.22893240109126,10.39802129143241,36.96701,0,20,-1,-1,2.400000095367432,7.999579855010836,-9999,5155.430386,0.0181427001953125,-0.611907958984375,-0.9673614501953125,5155.42039,-2.795702715767684,0.02907203567230014,0.5121447713967032,-0.249052420258522,-0.3304207921028137,-0.159163236618042,0.02162815444171429,-0.1948733925819397,-0.08208769559860229,XArbitraryZVertical,-0.0574331450651242,0.2470584219933502,0.9522267496222003,-0.1700819603488299,0.02533839270472527,-0.490047961473465,-0.8713271617889404,0,0,0,-1,-1,5154.156747125,walking,2,2022-05-05T13:02:10.389+02:00,2022-05-05T12:55:18.700+02:00,270,0.8798907,0.7205021,1.900869,196.189,0,0,2022-05-05T13:02:05.264+02:00,673441330.3886673,0,1.45,101.4296,1,0.87
2022-05-05T13:02:11.673+02:00,1651748530.99997,53.22893240109126,10.39802129143241,36.96701,0,20,-1,-1,2.400000095367432,7.999579855010836,-9999,5155.440381,-0.0084228515625,-0.5737762451171875,-0.9806976318359375,5155.430386,-2.797421344728616,0.02651746647818718,0.509831448086481,-0.2068237364292145,-0.3427411019802094,-0.1562422811985016,0.01279199682176113,-0.1646036207675934,-0.07849925756454468,XArbitraryZVertical,-0.05581652595528679,0.2462205355713659,0.9527353510885171,-0.168983290019398,0.02314244210720062,-0.4880301356315613,-0.8725199103355408,0,0,0,-1,-1,5154.156747125,walking,2,2022-05-05T13:02:10.389+02:00,2022-05-05T12:55:18.700+02:00,270,0.8798907,0.7205021,1.900869,196.189,0,0,2022-05-05T13:02:05.264+02:00,673441330.3886673,0,1.45,101.4296,1,0.87
2022-05-05T13:02:11.683+02:00,1651748530.99997,53.22893240109126,10.39802129143241,36.96701,0,20,-1,-1,2.400000095367432,7.999579855010836,-9999,5155.450377,-0.002044677734375,-0.5331573486328125,-0.9880218505859375,5155.440381,-2.799235971733593,0.02406658874766839,0.5078749737594214,-0.1798427402973175,-0.3176895976066589,-0.17474664747715,-0.002884181216359138,-0.1255865097045898,-0.09383445978164673,XArbitraryZVertical,-0.05426701600972099,0.2455435573348689,0.9532002572161374,-0.1678476022817613,0.02102687209844589,-0.4863215386867523,-0.873526930809021,0,0,0,-1,-1,5154.156747125,walking,2,2022-05-05T13:02:10.389+02:00,2022-05-05T12:55:18.700+02:00,270,0.8798907,0.7205021,1.900869,196.189,0,0,2022-05-05T13:02:05.264+02:00,673441330.3886673,0,1.45,101.4296,1,0.87
2022-05-05T13:02:11.694+02:00,1651748530.99997,53.22893240109126,10.39802129143241,36.96701,0,20,-1,-1,2.400000095367432,7.999579855010836,-9999,5155.460372,-0.0089569091796875,-0.5000457763671875,-0.990875244140625,5155.450377,-2.801248825256451,0.02192406592551771,0.5061682215433729,-0.1581805944442749,-0.3062539994716644,-0.185857892036438,-0.02759630233049393,-0.08894681930541992,-0.106299102306366,XArbitraryZVertical,-0.05286094668704641,0.244962186550109,0.9536384341967933,-0.1666522896079461,0.01917344145476818,-0.4848295152187347,-0.8743984699249268,0,0,0,-1,-1,5154.156747125,walking,2,2022-05-05T13:02:10.389+02:00,2022-05-05T12:55:18.700+02:00,270,0.8798907,0.7205021,1.900869,196.189,0,0,2022-05-05T13:02:05.264+02:00,673441330.3886673,0,1.45,101.4296,1,0.87
2022-05-05T13:02:11.703+02:00,1651748530.99997,53.22893240109126,10.39802129143241,36.96701,0,20,-1,-1,2.400000095367432,7.999579855010836,-9999,5155.470368,-0.023773193359375,-0.48858642578125,-1.001327514648438,5155.460372,-2.803303253978718,0.0199265607648674,0.504462510593863,-0.1800970435142517,-0.2876110076904297,-0.182875469326973,-0.01948792487382889,-0.04982048273086548,-0.1127611994743347,XArbitraryZVertical,-0.05151973562506045,0.2443673790199285,0.9540727497536512,-0.1654556136908749,0.01744324155151844,-0.4833369851112366,-0.875260591506958,0,0,0,-1,-1,5154.156747125,walking,2,2022-05-05T13:02:10.389+02:00,2022-05-05T12:55:18.700+02:00,270,0.8798907,0.7205021,1.900869,196.189,0,0,2022-05-05T13:02:05.264+02:00,673441330.3886673,0,1.45,101.4296,1,0.87
2022-05-05T13:02:11.713+02:00,1651748530.99997,53.22893240109126,10.39802129143241,36.96701,0,20,-1,-1,2.400000095367432,7.999579855010836,-9999,5155.480363000001,-0.024169921875,-0.4579315185546875,-1.003997802734375,5155.470368,-2.805401626995826,0.01817620649662522,0.5023916944882951,-0.228306382894516,-0.2638483941555023,-0.1930093318223953,-0.02488627284765244,-0.01852279901504517,-0.1145865321159363,XArbitraryZVertical,-0.05026271616042707,0.2435761188494423,0.9545461356770513,-0.1642747353717221,0.01592935808002949,-0.4815230667591095,-0.8762886524200439,0,0,0,-1,-1,5154.156747125,walking,2,2022-05-05T13:02:10.389+02:00,2022-05-05T12:55:18.700+02:00,270,0.8798907,0.7205021,1.900869,196.189,0,0,2022-05-05T13:02:05.264+02:00,673441330.3886673,0,1.45,101.4296,1,0.87
2022-05-05T13:02:11.723+02:00,1651748530.99997,53.22893240109126,10.39802129143241,36.96701,0,20,-1,-1,2.400000095367432,7.999579855010836,-9999,5155.490359,-0.0265350341796875,-0.433929443359375,-0.9987945556640625,5155.480363000001,-2.807538785725279,0.01664556707206047,0.4998512614077341,-0.2707211673259735,-0.2483594119548798,-0.1922725141048431,-0.03838156908750534,-0.009291529655456543,-0.1237951517105103,XArbitraryZVertical,-0.04906973536209072,0.2425407492223901,0.9550713410702593,-0.1631103728242759,0.01460837200284004,-0.479295015335083,-0.8775323033332825,0,0,0,-1,-1,5154.156747125,walking,2,2022-05-05T13:02:10.389+02:00,2022-05-05T12:55:18.700+02:00,270,0.8798907,0.7205021,1.900869,196.189,0,0,2022-05-05T13:02:05.264+02:00,673441330.3886673,0,1.45,101.4296,1,0.87
2022-05-05T13:02:11.733+02:00,1651748530.99997,53.22893240109126,10.39802129143241,36.96701,0,20,-1,-1,2.400000095367432,7.999579855010836,-9999,5155.500354000001,-0.0348358154296875,-0.41668701171875,-0.9913177490234375,5155.490359,-2.809551058187891,0.01519580523620285,0.4968506122374882,-0.319473534822464,-0.2349919527769089,-0.1696087419986725,-0.03752785921096802,0.01872771978378296,-0.1250110864639282,XArbitraryZVertical,-0.04789573116810926,0.241273056911807,0.955636812237997,-0.1620237066841687,0.01335793733596802,-0.4766593277454376,-0.8789865970611572,0,0,0,-1,-1,5154.156747125,walking,2,2022-05-05T13:02:10.389+02:00,2022-05-05T12:55:18.700+02:00,270,0.8798907,0.7205021,1.900869,196.189,0,0,2022-05-05T13:02:05.264+02:00,673441330.3886673,0,1.45,101.4296,1,0.87
2022-05-05T13:02:11.743+02:00,1651748530.99997,53.22893240109126,10.39802129143241,36.96701,0,20,-1,-1,2.400000095367432,7.999579855010836,-9999,5155.51035,-0.04815673828125,-0.3997650146484375,-0.9813995361328125,5155.500354000001,-2.811294440063854,0.01365239185991562,0.4934996405190671,-0.3422565758228302,-0.238177016377449,-0.1486228406429291,-0.03855806589126587,0.03978130221366882,-0.1181961297988892,XArbitraryZVertical,-0.04668352403183476,0.2398363263034524,0.9562210060049877,-0.1610609051682414,0.01202302146703005,-0.473710834980011,-0.8805983662605286,0,0,0,-1,-1,5154.156747125,walking,2,2022-05-05T13:02:10.389+02:00,2022-05-05T12:55:18.700+02:00,270,0.8798907,0.7205021,1.900869,196.189,0,0,2022-05-05T13:02:05.264+02:00,673441330.3886673,0,1.45,101.4296,1,0.87
2022-05-05T13:02:11.760+02:00,1651748530.99997,53.22893240109126,10.39802129143241,36.96701,0,20,-1,-1,2.400000095367432,7.999579855010836,-9999,5155.520345,-0.0547943115234375,-0.369598388671875,-0.9745025634765625,5155.51035,-2.812870552293417,0.01197247207062164,0.4900941402313945,-0.3375664949417114,-0.2454698085784912,-0.1430032998323441,-0.04539874941110611,0.05402183532714844,-0.1090923547744751,XArbitraryZVertical,-0.04542342358882079,0.2383779400394223,0.956796940260266,-0.1601638608998475,0.01056292280554771,-0.4707089364528656,-0.8822253346443176,0,0,0,-1,-1,5154.156747125,walking,2,2022-05-05T13:02:10.389+02:00,2022-05-05T12:55:18.700+02:00,270,0.8798907,0.7205021,1.900869,196.189,0,0,2022-05-05T13:02:05.264+02:00,673441330.3886673,0,1.45,101.4296,1,0.87
2022-05-05T13:02:11.763+02:00,1651748530.99997,53.22893240109126,10.39802129143241,36.96701,0,20,-1,-1,2.400000095367432,7.999579855010836,-9999,5155.530341000001,-0.06451416015625,-0.3525238037109375,-0.9679107666015625,5155.520345,-2.814469806481165,0.01031173496508184,0.4868296421028704,-0.3020202815532684,-0.2381835430860519,-0.1535370349884033,-0.05727030336856842,0.06806111335754395,-0.09762603044509888,XArbitraryZVertical,-0.04418229100996095,0.2369835096576185,0.9573525841299386,-0.1592568615985959,0.009113561362028122,-0.4678262174129486,-0.8837735056877136,0,0,0,-1,-1,5154.156747125,walking,2,2022-05-05T13:02:10.389+02:00,2022-05-05T12:55:18.700+02:00,270,0.8798907,0.7205021,1.900869,196.189,0,0,2022-05-05T13:02:05.264+02:00,673441330.3886673,0,1.45,101.4296,1,0.87
2022-05-05T13:02:11.773+02:00,1651748530.99997,53.22893240109126,10.39802129143241,36.96701,0,20,-1,-1,2.400000095367432,7.999579855010836,-9999,5155.540336,-0.0637969970703125,-0.3438262939453125,-0.95947265625,5155.530341000001,-2.816310877616806,0.008847811992109699,0.4840204267980945,-0.2502825260162354,-0.2243833094835281,-0.17823226749897,-0.0626256912946701,0.09574306011199951,-0.08940595388412476,XArbitraryZVertical,-0.04304395697946083,0.2357942766837348,0.9578647704102004,-0.1582506766691071,0.007831372320652008,-0.4653415381908417,-0.885096549987793,0,0,0,-1,-1,5154.156747125,walking,2,2022-05-05T13:02:10.389+02:00,2022-05-05T12:55:18.700+02:00,270,0.8798907,0.7205021,1.900869,196.189,0,0,2022-05-05T13:02:05.264+02:00,673441330.3886673,0,1.45,101.4296,1,0.87
2022-05-05T13:02:11.783+02:00,1651748530.99997,53.22893240109126,10.39802129143241,36.96701,0,20,-1,-1,2.400000095367432,7.999579855010836,-9999,5155.550332000001,-0.0555572509765625,-0.338104248046875,-0.9620361328125,5155.540336,-2.818453665217805,0.007604151202763395,0.4818123960763281,-0.186436265707016,-0.2203077971935272,-0.2045081257820129,-0.07125256955623627,0.1108621060848236,-0.08177977800369263,XArbitraryZVertical,-0.04202410846622428,0.2348797719082078,0.9583214992350132,-0.157116147490448,0.006738403346389532,-0.4633859992027283,-0.8861309289932251,0,0,0,-1,-1,5154.156747125,walking,2,2022-05-05T13:02:10.389+02:00,2022-05-05T12:55:18.700+02:00,270,0.8798907,0.7205021,1.900869,196.189,0,0,2022-05-05T13:02:05.264+02:00,673441330.3886673,0,1.45,101.4296,1,0.87
2022-05-05T13:02:11.793+02:00,1651748530.99997,53.22893240109126,10.39802129143241,36.96701,0,20,-1,-1,2.400000095367432,7.999579855010836,-9999,5155.560327,-0.053680419921875,-0.3401641845703125,-0.969757080078125,5155.550332000001,-2.82092599266999,0.006520415480920566,0.4802010822765582,-0.136507585644722,-0.2261763364076614,-0.2372612804174423,-0.06957993656396866,0.1181311011314392,-0.07258939743041992,XArbitraryZVertical,-0.04109003192302822,0.2342434678253236,0.9587273238990632,-0.1558321868526681,0.00578292878344655,-0.4619575142860413,-0.8868831992149353,0,0,0,-1,-1,5154.156747125,walking,2,2022-05-05T13:02:10.389+02:00,2022-05-05T12:55:18.700+02:00,270,0.8798907,0.7205021,1.900869,196.189,0,0,2022-05-05T13:02:05.264+02:00,673441330.3886673,0,1.45,101.4296,1,0.87
2022-05-05T13:02:11.803+02:00,1651748530.99997,53.22893240109126,10.39802129143241,36.96701,0,20,-1,-1,2.400000095367432,7.999579855010836,-9999,5155.570323,-0.057525634765625,-0.33258056640625,-0.9709625244140625,5155.560327,-2.823842555185168,0.0055997110947877,0.479003164636208,-0.09990693628787994,-0.2289813905954361,-0.2874893546104431,-0.06052672117948532,0.1227904260158539,-0.07459521293640137,XArbitraryZVertical,-0.0402152791353528,0.2337996638919909,0.959112902439374,-0.1543469319147384,0.004969464614987373,-0.460894763469696,-0.8874409198760986,0,0,0,-1,-1,5154.156747125,walking,2,2022-05-05T13:02:10.389+02:00,2022-05-05T12:55:18.700+02:00,270,0.8798907,0.7205021,1.900869,196.189,0,0,2022-05-05T13:02:05.264+02:00,673441330.3886673,0,1.45,101.4296,1,0.87
2022-05-05T13:02:11.813+02:00,1651748530.99997,53.22893240109126,10.39802129143241,36.96701,0,20,-1,-1,2.400000095367432,7.999579855010836,-9999,5155.580318,-0.06011962890625,-0.3426361083984375,-0.9643707275390625,5155.570323,-2.82731519386774,0.004934834724813047,0.4780666940641384,-0.08242860436439514,-0.2194557934999466,-0.3323875963687897,-0.05806197971105576,0.1198992133140564,-0.0818818211555481,XArbitraryZVertical,-0.03941941596714284,0.2334705341100146,0.9595024654924511,-0.1526199028979998,0.004381553269922733,-0.4600634872913361,-0.8878752589225769,0,0,0,-1,-1,5154.156747125,walking,2,2022-05-05T13:02:10.389+02:00,2022-05-05T12:55:18.700+02:00,270,0.8798907,0.7205021,1.900869,196.189,0,0,2022-05-05T13:02:05.264+02:00,673441330.3886673,0,1.45,101.4296,1,0.87
2022-05-05T13:02:11.823+02:00,1651748530.99997,53.22893240109126,10.39802129143241,36.96701,0,20,-1,-1,2.400000095367432,7.999579855010836,-9999,5155.590314,-0.0579681396484375,-0.3616943359375,-0.9555206298828125,5155.580318,-2.831264283602973,0.004601770395361308,0.4772184632815093,-0.08683999627828598,-0.2094969004392624,-0.3683994114398956,-0.06161326915025711,0.1267295181751251,-0.08269590139389038,XArbitraryZVertical,-0.03873504781301913,0.2331658484793547,0.9599076979304058,-0.1507007007400904,0.004087627865374088,-0.4593101739883423,-0.8882665634155273,0,0,0,-1,-1,5154.156747125,walking,2,2022-05-05T13:02:10.389+02:00,2022-05-05T12:55:18.700+02:00,270,0.8798907,0.7205021,1.900869,196.189,0,0,2022-05-05T13:02:05.264+02:00,673441330.3886673,0,1.45,101.4296,1,0.87
2022-05-05T13:02:11.833+02:00,1651748530.99997,53.22893240109126,10.39802129143241,36.96701,0,20,-1,-1,2.400000095367432,7.999579855010836,-9999,5155.600309,-0.065216064453125,-0.3762664794921875,-0.9395751953125,5155.590314,-2.835605990063907,0.004525766213730778,0.476254119533395,-0.1040128618478775,-0.2016901075839996,-0.3989280164241791,-0.06414175033569336,0.1158171594142914,-0.075661301612854,XArbitraryZVertical,-0.03812114693340448,0.2327919394840146,0.9603466868157984,-0.1486239517291209,0.004022118169814348,-0.458453357219696,-0.8887093663215637,0,0,0,-1,-1,5154.156747125,walking,2,2022-05-05T13:02:10.389+02:00,2022-05-05T12:55:18.700+02:00,270,0.8798907,0.7205021,1.900869,196.189,0,0,2022-05-05T13:02:05.264+02:00,673441330.3886673,0,1.45,101.4296,1,0.87
2022-05-05T13:02:11.843+02:00,1651748530.99997,53.22893240109126,10.39802129143241,36.96701,0,20,-1,-1,2.400000095367432,7.999579855010836,-9999,5155.610305,-0.0695037841796875,-0.3879547119140625,-0.9196929931640625,5155.600309,-2.840175504068294,0.004665372539640552,0.4750785392322218,-0.129037082195282,-0.184474304318428,-0.4146343469619751,-0.062116838991642,0.09571385383605957,-0.06627345085144043,XArbitraryZVertical,-0.03757078505100961,0.2323034079483628,0.9608181730781093,-0.1464651067506716,0.004148699343204498,-0.4574082791805267,-0.8892471194267273,0,0,0,-1,-1,5154.156747125,walking,2,2022-05-05T13:02:10.389+02:00,2022-05-05T12:55:18.700+02:00,270,0.8798907,0.7205021,1.900869,196.189,0,0,2022-05-05T13:02:05.264+02:00,673441330.3886673,0,1.45,101.4296,1,0.87
2022-05-05T13:02:11.853+02:00,1651748530.99997,53.22893240109126,10.39802129143241,36.96701,0,20,-1,-1,2.400000095367432,7.999579855010836,-9999,5155.6203,-0.068817138671875,-0.3961639404296875,-0.8945159912109375,5155.610305,-2.844875290096484,0.005059181626536521,0.4736286208841946,-0.1539115458726883,-0.1670793443918228,-0.4229207634925842,-0.06971830874681473,0.079851895570755,-0.04966747760772705,XArbitraryZVertical,-0.03711031640480295,0.2316656676226435,0.961321123261761,-0.1442760590350274,0.004502242896705866,-0.4561184644699097,-0.8899076581001282,0,0,0,-1,-1,5154.156747125,walking,2,2022-05-05T13:02:10.389+02:00,2022-05-05T12:55:18.700+02:00,270,0.8798907,0.7205021,1.900869,196.189,0,0,2022-05-05T13:02:05.264+02:00,673441330.3886673,0,1.45,101.4296,1,0.87
2022-05-05T13:02:11.863+02:00,1651748530.99997,53.22893240109126,10.39802129143241,36.96701,0,20,-1,-1,2.400000095367432,7.999579855010836,-9999,5155.630296,-0.067413330078125,-0.3935394287109375,-0.87908935546875,5155.6203,-2.849629341883768,0.005622729794027025,0.4719767786929958,-0.1714556515216827,-0.1486723721027374,-0.4226405918598175,-0.07451176643371582,0.0666930079460144,-0.02903568744659424,XArbitraryZVertical,-0.03671424690556031,0.2309187058887613,0.9618427805067669,-0.1420817960153851,0.005007977597415447,-0.4546478390693665,-0.8906572461128235,0,0,0,-1,-1,5154.156747125,walking,2,2022-05-05T13:02:10.389+02:00,2022-05-05T12:55:18.700+02:00,270,0.8798907,0.7205021,1.900869,196.189,0,0,2022-05-05T13:02:05.264+02:00,673441330.3886673,0,1.45,101.4296,1,0.87
2022-05-05T13:02:11.873+02:00,1651748530.99997,53.22893240109126,10.39802129143241,36.96701,0,20,-1,-1,2.400000095367432,7.999579855010836,-9999,5155.640291000001,-0.0606842041015625,-0.3958282470703125,-0.8714447021484375,5155.630296,-2.854280542628878,0.006372602267014848,0.4701944835496205,-0.1773649305105209,-0.120185062289238,-0.4078147709369659,-0.07449814677238464,0.05689561367034912,-0.003053843975067139,XArbitraryZVertical,-0.03641447098163043,0.2300933323409929,0.9623631057139143,-0.1399581549887021,0.00568101042881608,-0.4530596733093262,-0.8914620876312256,0,0,0,-1,-1,5154.156747125,walking,2,2022-05-05T13:02:10.389+02:00,2022-05-05T12:55:18.700+02:00,270,0.8798907,0.7205021,1.900869,196.189,0,0,2022-05-05T13:02:05.264+02:00,673441330.3886673,0,1.45,101.4296,1,0.87
2022-05-05T13:02:11.883+02:00,1651748530.99997,53.22893240109126,10.39802129143241,36.96701,0,20,-1,-1,2.400000095367432,7.999579855010836,-9999,5155.650287,-0.0533447265625,-0.3890533447265625,-0.8728179931640625,5155.640291000001,-2.858703106565564,0.007236581254591115,0.4683360833646856,-0.1852260231971741,-0.1040254682302475,-0.3891583383083344,-0.07387062907218933,0.05786263942718506,0.01320797204971313,XArbitraryZVertical,-0.03619481433562125,0.2292188945978906,0.9628690305483669,-0.1379564221622234,0.006457294337451458,-0.4514021575450897,-0.8922972679138184,0,0,0,-1,-1,5154.156747125,walking,2,2022-05-05T13:02:10.389+02:00,2022-05-05T12:55:18.700+02:00,270,0.8798907,0.7205021,1.900869,196.189,0,0,2022-05-05T13:02:05.264+02:00,673441330.3886673,0,1.45,101.4296,1,0.87
2022-05-05T13:02:11.893+02:00,1651748530.99997,53.22893240109126,10.39802129143241,36.96701,0,20,-1,-1,2.400000095367432,7.999579855010836,-9999,5155.660282000001,-0.0477142333984375,-0.3878173828125,-0.87213134765625,5155.650287,-2.8629861456529,0.008159270219147356,0.4664285688622861,-0.1881139576435089,-0.09720005095005035,-0.380147248506546,-0.06797182559967041,0.05387088656425476,0.02170568704605103,XArbitraryZVertical,-0.03602026257516511,0.2283141913840231,0.9633649659395245,-0.1360268080085941,0.007287616841495037,-0.4496992230415344,-0.8931503295898438,0,0,0,-1,-1,5154.156747125,walking,2,2022-05-05T13:02:10.389+02:00,2022-05-05T12:55:18.700+02:00,270,0.8798907,0.7205021,1.900869,196.189,0,0,2022-05-05T13:02:05.264+02:00,673441330.3886673,0,1.45,101.4296,1,0.87
2022-05-05T13:02:11.903+02:00,1651748530.99997,53.22893240109126,10.39802129143241,36.96701,0,20,-1,-1,2.400000095367432,7.999579855010836,-9999,5155.670278000001,-0.036590576171875,-0.3974609375,-0.8599090576171875,5155.660282000001,-2.867134365916049,0.009104468938426178,0.46452748436701,-0.1889068335294724,-0.08147448301315308,-0.3657447695732117,-0.06148431077599525,0.05894696712493896,0.02117836475372314,XArbitraryZVertical,-0.03587651284214197,0.2274087014130925,0.9638458544772684,-0.1341621261075561,0.008139587007462978,-0.4480004012584686,-0.8939962983131409,0,0,0,-1,-1,5154.156747125,walking,2,2022-05-05T13:02:10.389+02:00,2022-05-05T12:55:18.700+02:00,270,0.8798907,0.7205021,1.900869,196.189,0,0,2022-05-05T13:02:05.264+02:00,673441330.3886673,0,1.45,101.4296,1,0.87
2022-05-05T13:02:11.913+02:00,1651748530.99997,53.22893240109126,10.39802129143241,36.96701,0,20,-1,-1,2.400000095367432,7.999579855010836,-9999,5155.680274,-0.031463623046875,-0.407745361328125,-0.8483734130859375,5155.670278000001,-2.871104691562876,0.01005884421958328,0.4625438789544614,-0.2024226486682892,-0.08160098642110825,-0.3469060957431793,-0.0567159503698349,0.05840864777565002,0.02274370193481445,XArbitraryZVertical,-0.0357560407385533,0.2264597433542887,0.9643196063044142,-0.1323828900965748,0.009001711383461952,-0.4462261199951172,-0.8948749899864197,0,0,0,-1,-1,5154.156747125,walking,2,2022-05-05T13:02:10.389+02:00,2022-05-05T12:55:18.700+02:00,270,0.8798907,0.7205021,1.900869,196.189,0,0,2022-05-05T13:02:05.264+02:00,673441330.3886673,0,1.45,101.4296,1,0.87
2022-05-05T13:02:11.923+02:00,1651748530.99997,53.22893240109126,10.39802129143241,36.96701,0,20,-1,-1,2.400000095367432,7.999579855010836,-9999,5155.690269000001,-0.0276641845703125,-0.4118804931640625,-0.8359222412109375,5155.680274,-2.874823748089327,0.01086565538117576,0.4603487404300126,-0.228360578417778,-0.08622569590806961,-0.3277517259120941,-0.04632490500807762,0.04679954051971436,0.03593569993972778,XArbitraryZVertical,-0.03558323398883706,0.2254139923673998,0.9647992688170548,-0.1307084632125443,0.009734323248267174,-0.4442605674266815,-0.8958447575569153,0,0,0,-1,-1,5154.156747125,walking,2,2022-05-05T13:02:10.389+02:00,2022-05-05T12:55:18.700+02:00,270,0.8798907,0.7205021,1.900869,196.189,0,0,2022-05-05T13:02:05.264+02:00,673441330.3886673,0,1.45,101.4296,1,0.87
2022-05-05T13:02:11.933+02:00,1651748530.99997,53.22893240109126,10.39802129143241,36.96701,0,20,-1,-1,2.400000095367432,7.999579855010836,-9999,5155.700265,-0.0180511474609375,-0.4154510498046875,-0.8294525146484375,5155.690269000001,-2.878370510944738,0.01151473602745862,0.4579246284942325,-0.2498970329761505,-0.09956653416156769,-0.3150106370449066,-0.04179179295897484,0.03434205055236816,0.04853910207748413,XArbitraryZVertical,-0.03534331172906823,0.2242646308494997,0.9652923677025887,-0.1290999194010382,0.01032816618680954,-0.4420875012874603,-0.8969124555587769,0,0,0,-1,-1,5154.156747125,walking,2,2022-05-05T13:02:10.389+02:00,2022-05-05T12:55:18.700+02:00,270,0.8798907,0.7205021,1.900869,196.189,0,0,2022-05-05T13:02:05.264+02:00,673441330.3886673,0,1.45,101.4296,1,0.87
2022-05-05T13:02:11.943+02:00,1651748530.99997,53.22893240109126,10.39802129143241,36.96701,0,20,-1,-1,2.400000095367432,7.999579855010836,-9999,5155.710260000001,-0.01953125,-0.4141387939453125,-0.82305908203125,5155.700265,-2.881679702234155,0.01183587170025622,0.455312412846809,-0.2600928843021393,-0.127804234623909,-0.2882203459739685,-0.03829401358962059,0.02786237001419067,0.06213861703872681,XArbitraryZVertical,-0.03496409496041687,0.2230406337729426,0.9657931236185126,-0.1275694377243155,0.01062982808798552,-0.4397429227828979,-0.8980607986450195,0,0,0,-1,-1,5154.156747125,walking,2,2022-05-05T13:02:10.389+02:00,2022-05-05T12:55:18.700+02:00,270,0.8798907,0.7205021,1.900869,196.189,0,0,2022-05-05T13:02:05.264+02:00,673441330.3886673,0,1.45,101.4296,1,0.87
2022-05-05T13:02:11.953+02:00,1651748530.99997,53.22893240109126,10.39802129143241,36.96701,0,20,-1,-1,2.400000095367432,7.999579855010836,-9999,5155.720256000001,-0.0196380615234375,-0.4081878662109375,-0.817840576171875,5155.710260000001,-2.884826560583902,0.01184213300906173,0.4526533870738206,-0.2645627558231354,-0.1435544341802597,-0.2812447249889374,-0.02870041131973267,0.02190208435058594,0.06977427005767822,XArbitraryZVertical,-0.03445204674429363,0.2218100108677709,0.9662903167810328,-0.1260810941434863,0.01064926106482744,-0.4373532235622406,-0.8992267251014709,0,0,0,-1,-1,5154.156747125,walking,2,2022-05-05T13:02:10.389+02:00,2022-05-05T12:55:18.700+02:00,270,0.8798907,0.7205021,1.900869,196.189,0,0,2022-05-05T13:02:05.264+02:00,673441330.3886673,0,1.45,101.4296,1,0.87
2022-05-05T13:02:11.963+02:00,1651748530.99997,53.22893240109126,10.39802129143241,36.96701,0,20,-1,-1,2.400000095367432,7.999579855010836,-9999,5155.730251,-0.01788330078125,-0.404541015625,-0.80548095703125,5155.720256000001,-2.887902082558632,0.01163514442021381,0.4500112125971938,-0.2559895813465118,-0.1604328900575638,-0.2802088856697083,-0.03000778704881668,0.02083674073219299,0.07732224464416504,XArbitraryZVertical,-0.03384970953928956,0.2205981944967811,0.9667806857371914,-0.1246019988558645,0.01047653891146183,-0.4349756240844727,-0.9003812670707703,0,0,0,-1,-1,5154.156747125,walking,2,2022-05-05T13:02:10.389+02:00,2022-05-05T12:55:18.700+02:00,270,0.8798907,0.7205021,1.900869,196.189,0,0,2022-05-05T13:02:05.264+02:00,673441330.3886673,0,1.45,101.4296,1,0.87
2022-05-05T13:02:11.973+02:00,1651748530.99997,53.22893240109126,10.39802129143241,36.96701,0,20,-1,-1,2.400000095367432,7.999579855010836,-9999,5155.740247000001,-0.0147552490234375,-0.4106597900390625,-0.789306640625,5155.730251,-2.890987304098672,0.01132985058031791,0.447526647083701,-0.2353799045085907,-0.1651091277599335,-0.2860135138034821,-0.02985193207859993,0.02454909682273865,0.0836217999458313,XArbitraryZVertical,-0.03321196357788413,0.2194670828913716,0.9672520960763261,-0.1231045939017982,0.01021387055516243,-0.4327370822429657,-0.9014623165130615,0,0,0,-1,-1,5154.156747125,walking,2,2022-05-05T13:02:10.389+02:00,2022-05-05T12:55:18.700+02:00,270,0.8798907,0.7205021,1.900869,196.189,0,0,2022-05-05T13:02:05.264+02:00,673441330.3886673,0,1.45,101.4296,1,0.87
2022-05-05T13:02:11.983+02:00,1651748530.99997,53.22893240109126,10.39802129143241,36.96701,0,20,-1,-1,2.400000095367432,7.999579855010836,-9999,5155.750242,-0.0081939697265625,-0.4100341796875,-0.7837982177734375,5155.740247000001,-2.894079722632218,0.01103313181093217,0.445224183211906,-0.2168431729078293,-0.160042330622673,-0.2817573845386505,-0.02784065529704094,0.02611911296844482,0.09697830677032471,XArbitraryZVertical,-0.03259186537336384,0.2184219647381018,0.9676997764794906,-0.1216016119196456,0.009957355447113514,-0.430660218000412,-0.9024592041969299,0,0,0,-1,-1,5154.156747125,walking,2,2022-05-05T13:02:10.389+02:00,2022-05-05T12:55:18.700+02:00,270,0.8798907,0.7205021,1.900869,196.189,0,0,2022-05-05T13:02:05.264+02:00,673441330.3886673,0,1.45,101.4296,1,0.87
2022-05-05T13:02:11.993+02:00,1651748530.99997,53.22893240109126,10.39802129143241,36.96701,0,20,-1,-1,2.400000095367432,7.999579855010836,-9999,5155.760238000001,0.0059356689453125,-0.4135589599609375,-0.7786102294921875,5155.750242,-2.897124679427995,0.01072877710267774,0.4432833123078025,-0.1624462455511093,-0.1607422083616257,-0.2753234505653381,-0.02444688603281975,0.01824784278869629,0.1139897108078003,XArbitraryZVertical,-0.03199771689030499,0.2175499512229481,0.968101512502797,-0.1201159529193046,0.009691637009382248,-0.4289077520370483,-0.9032963514328003,0,0,0,-1,-1,5154.156747125,walking,2,2022-05-05T13:02:10.389+02:00,2022-05-05T12:55:18.700+02:00,270,0.8798907,0.7205021,1.900869,196.189,0,0,2022-05-05T13:02:05.264+02:00,673441330.3886673,0,1.45,101.4296,1,0.87
2022-05-05T13:02:12.003+02:00,1651748530.99997,53.22893240109126,10.39802129143241,36.96701,0,20,-1,-1,2.400000095367432,7.999579855010836,-9999,5155.770233,0.000579833984375,-0.4191741943359375,-0.780609130859375,5155.760238000001,-2.900154864423295,0.01033872794162615,0.4418960738314688,-0.108624555170536,-0.174620196223259,-0.2753274738788605,-0.01753941923379898,0.01761990785598755,0.12009596824646,XArbitraryZVertical,-0.03139852052490445,0.2169494678645375,0.968440030199479,-0.1186214477435531,0.009345448575913906,-0.4276541769504547,-0.9038941264152527,0,0,0,-1,-1,5154.156747125,walking,2,2022-05-05T13:02:10.389+02:00,2022-05-05T12:55:18.700+02:00,270,0.8798907,0.7205021,1.900869,196.189,0,0,2022-05-05T13:02:05.264+02:00,673441330.3886673,0,1.45,101.4296,1,0.87
2022-05-05T13:02:12.013+02:00,1651748530.99997,53.22893240109126,10.39802129143241,36.96701,0,20,-1,-1,2.400000095367432,7.999579855010836,-9999,5155.780229,-0.0039520263671875,-0.427154541015625,-0.7964019775390625,5155.770233,-2.903242666100469,0.009859872978159368,0.4410297384458112,-0.06005222350358963,-0.1808799654245377,-0.2845601141452789,-0.002980593591928482,0.01331183314323425,0.1256584525108337,XArbitraryZVertical,-0.03078183393528239,0.2166060002133545,0.9687238877062987,-0.1170833974482301,0.008916262537240982,-0.4268708825111389,-0.9042686223983765,0,0,0,-1,-1,5154.156747125,walking,2,2022-05-05T13:02:10.389+02:00,2022-05-05T12:55:18.700+02:00,270,0.8798907,0.7205021,1.900869,196.189,0,0,2022-05-05T13:02:05.264+02:00,673441330.3886673,0,1.45,101.4296,1,0.87
2022-05-05T13:02:12.023+02:00,1651748530.99997,53.22893240109126,10.39802129143241,36.96701,0,20,-1,-1,2.400000095367432,7.999579855010836,-9999,5155.790224,0.00335693359375,-0.4463043212890625,-0.808990478515625,5155.780229,-2.906459435474588,0.009419021537262193,0.4405806953537642,-0.02834832668304443,-0.1781166046857834,-0.2959089577198029,-0.00793958455324173,0.007290482521057129,0.1238549947738647,XArbitraryZVertical,-0.03019436638848129,0.216463084891356,0.9689665061611475,-0.1154821409216639,0.00851941853761673,-0.4264647662639618,-0.904464066028595,0,0,0,-1,-1,5154.156747125,walking,2,2022-05-05T13:02:10.389+02:00,2022-05-05T12:55:18.700+02:00,270,0.8798907,0.7205021,1.900869,196.189,0,0,2022-05-05T13:02:05.264+02:00,673441330.3886673,0,1.45,101.4296,1,0.87
2022-05-05T13:02:12.033+02:00,1651748530.99997,53.22893240109126,10.39802129143241,36.96701,0,20,-1,-1,2.400000095367432,7.999579855010836,-9999,5155.80022,0.0081939697265625,-0.457794189453125,-0.80877685546875,5155.790224,-2.909779788812453,0.009036100274044442,0.4403824683926502,-0.01236057095229626,-0.1790132820606232,-0.3084625601768494,-0.01212586928158998,-0.0008691549301147461,0.1081498861312866,XArbitraryZVertical,-0.02963831224940977,0.2164386513241463,0.9691840625133037,-0.1138339121849023,0.008173842914402485,-0.4262854754924774,-0.9045517444610596,0,0,0,-1,-1,5154.156747125,walking,2,2022-05-05T13:02:10.389+02:00,2022-05-05T12:55:18.700+02:00,270,0.8798907,0.7205021,1.900869,196.189,0,0,2022-05-05T13:02:05.264+02:00,673441330.3886673,0,1.45,101.4296,1,0.87
2022-05-05T13:02:12.043+02:00,1651748530.99997,53.22893240109126,10.39802129143241,36.96701,0,20,-1,-1,2.400000095367432,7.999579855010836,-9999,5155.810215,0.0040130615234375,-0.457305908203125,-0.8128662109375,5155.80022,-2.913271701111934,0.008743320742949152,0.4401054674281798,-0.03849160671234131,-0.1756041049957275,-0.3217949271202087,-0.004553105682134628,-0.02026951313018799,0.09568172693252563,XArbitraryZVertical,-0.02910320247724992,0.2163721876898036,0.9694157289769733,-0.1121127548374653,0.007910040207207203,-0.4260348975658417,-0.9046721458435059,0,0,0,-1,-1,5154.156747125,walking,2,2022-05-05T13:02:10.389+02:00,2022-05-05T12:55:18.700+02:00,270,0.8798907,0.7205021,1.900869,196.189,0,0,2022-05-05T13:02:05.264+02:00,673441330.3886673,0,1.45,101.4296,1,0.87
2022-05-05T13:02:12.053+02:00,1651748531.999928,53.22892565815408,10.39803003594655,36.83683,0,20,-1,-1,2.400000095367432,7.999579855010836,-9999,5155.820211,0.012542724609375,-0.4479217529296875,-0.8125152587890625,5155.810215,-2.916903184916813,0.008639433495309899,0.4395758958955686,-0.05790738016366959,-0.1569614559412003,-0.3410205543041229,0.0003759637475013733,-0.03223857283592224,0.09612166881561279,XArbitraryZVertical,-0.02863119208956252,0.2161735960575636,0.9696767369792113,-0.1103464949329308,0.007818005047738552,-0.4255557060241699,-0.904898464679718,0,0,0,-1,-1,5154.156747125,walking,2,2022-05-05T13:02:10.389+02:00,2022-05-05T12:55:18.700+02:00,270,0.8798907,0.7205021,1.900869,196.189,0,0,2022-05-05T13:02:05.264+02:00,673441330.3886673,0,1.45,101.4296,1,0.87
2022-05-05T13:02:12.063+02:00,1651748531.999928,53.22892565815408,10.39803003594655,36.83683,0,20,-1,-1,2.400000095367432,7.999579855010836,-9999,5155.830206000001,0.01837158203125,-0.44903564453125,-0.81884765625,5155.820211,-2.92076233390732,0.008768931659389722,0.4388981744665045,-0.07017313688993454,-0.1448974013328552,-0.3580977618694305,-0.003924649208784103,-0.0323636531829834,0.09231948852539062,XArbitraryZVertical,-0.02824069430655312,0.2158926808689003,0.9699595343479429,-0.108495912995944,0.007937714457511902,-0.4249423146247864,-0.9051856398582458,0,0,0,-1,-1,5154.156747125,walking,2,2022-05-05T13:02:10.389+02:00,2022-05-05T12:55:18.700+02:00,270,0.8798907,0.7205021,1.900869,196.189,0,0,2022-05-05T13:02:05.264+02:00,673441330.3886673,0,1.45,101.4296,1,0.87
2022-05-05T13:02:12.073+02:00,1651748531.999928,53.22892565815408,10.39803003594655,36.83683,0,20,-1,-1,2.400000095367432,7.999579855010836,-9999,5155.840202,0.026580810546875,-0.4577178955078125,-0.824432373046875,5155.830206000001,-2.924717167672292,0.009084939608329524,0.4382161553834724,-0.06422736495733261,-0.1274587512016296,-0.357467383146286,0.00431633647531271,-0.02359697222709656,0.09295749664306641,XArbitraryZVertical,-0.02793133376185271,0.2156003337957556,0.9702416961252933,-0.1066183377332876,0.008226390928030014,-0.4243248403072357,-0.9054726958274841,0,0,0,-1,-1,5154.156747125,walking,2,2022-05-05T13:02:10.389+02:00,2022-05-05T12:55:18.700+02:00,270,0.8798907,0.7205021,1.900869,196.189,0,0,2022-05-05T13:02:05.264+02:00,673441330.3886673,0,1.45,101.4296,1,0.87
2022-05-05T13:02:12.083+02:00,1651748531.999928,53.22892565815408,10.39803003594655,36.83683,0,20,-1,-1,2.400000095367432,7.999579855010836,-9999,5155.850197000001,0.0162811279296875,-0.4603118896484375,-0.8195343017578125,5155.840202,-2.928562773194876,0.009427396475744886,0.4375400985625957,-0.06788212060928345,-0.130363404750824,-0.3406469225883484,0.009832408279180527,-0.02532318234443665,0.08690881729125977,XArbitraryZVertical,-0.0276481575163127,0.2153075869328221,0.9705133174168673,-0.1047957312922824,0.008539178408682346,-0.4237125813961029,-0.9057564735412598,0,0,0,-1,-1,5154.156747125,walking,2,2022-05-05T13:02:10.389+02:00,2022-05-05T12:55:18.700+02:00,270,0.8798907,0.7205021,1.900869,196.189,0,0,2022-05-05T13:02:05.264+02:00,673441330.3886673,0,1.45,101.4296,1,0.87
2022-05-05T13:02:12.093+02:00,1651748531.999928,53.22892565815408,10.39803003594655,36.83683,0,20,-1,-1,2.400000095367432,7.999579855010836,-9999,5155.860193,0.021697998046875,-0.463714599609375,-0.814971923828125,5155.850197000001,-2.93215791710647,0.009703192513163659,0.4368266780564314,-0.06912101805210114,-0.1152491569519043,-0.3114291131496429,0.01778890192508698,-0.03465172648429871,0.08162379264831543,XArbitraryZVertical,-0.02735891619075707,0.2149963602613976,0.970773534890623,-0.1030871190631473,0.008791912347078323,-0.423066258430481,-0.9060561060905457,0,0,0,-1,-1,5154.156747125,walking,2,2022-05-05T13:02:10.389+02:00,2022-05-05T12:55:18.700+02:00,270,0.8798907,0.7205021,1.900869,196.189,0,0,2022-05-05T13:02:05.264+02:00,673441330.3886673,0,1.45,101.4296,1,0.87
2022-05-05T13:02:12.103+02:00,1651748531.999928,53.22892565815408,10.39803003594655,36.83683,0,20,-1,-1,2.400000095367432,7.999579855010836,-9999,5155.870188,-0.1268463134765625,-0.5064239501953125,-0.7353363037109375,5155.860193,-2.935219047202143,0.009914835955409217,0.4361170194221018,-0.06329655647277832,-0.1000116169452667,-0.2397898286581039,0.007294483482837677,-0.03788885474205017,0.08681994676589966,XArbitraryZVertical,-0.02709726031159901,0.2146826341238361,0.9710038636784439,-0.1016301139253308,0.008986648172140121,-0.4224231243133545,-0.9063541889190674,0,0,0,-1,-1,5154.156747125,walking,2,2022-05-05T13:02:10.389+02:00,2022-05-05T12:55:18.700+02:00,270,0.8798907,0.7205021,1.900869,196.189,0,0,2022-05-05T13:02:05.264+02:00,673441330.3886673,0,1.45,101.4296,1,0.87
2022-05-05T13:02:12.115+02:00,1651748531.999928,53.22892565815408,10.39803003594655,36.83683,0,20,-1,-1,2.400000095367432,7.999579855010836,-9999,5155.880184000001,0.24127197265625,-0.3871002197265625,-0.81298828125,5155.870188,-2.938010680556892,0.01034497915811884,0.4351723668027704,-0.04307277873158455,0.443686306476593,-0.3036180734634399,0.01231737062335014,-0.04214799404144287,0.09177702665328979,XArbitraryZVertical,-0.02696010639244916,0.2142398428785678,0.971240807426033,-0.1003288591727779,0.009380633011460304,-0.4215666949748993,-0.90674889087677,0,0,0,-1,-1,5154.156747125,walking,2,2022-05-05T13:02:10.389+02:00,2022-05-05T12:55:18.700+02:00,270,0.8798907,0.7205021,1.900869,196.189,0,0,2022-05-05T13:02:05.264+02:00,673441330.3886673,0,1.45,101.4296,1,0.87
2022-05-05T13:02:12.123+02:00,1651748531.999928,53.22892565815408,10.39803003594655,36.83683,0,20,-1,-1,2.400000095367432,7.999579855010836,-9999,5155.890179,-0.075225830078125,-0.543243408203125,-0.866180419921875,5155.880184000001,-2.940154925326593,0.01162479120752585,0.4349302053722972,-0.02755240723490715,-0.260373055934906,-0.06732378154993057,-0.1373885869979858,-0.08507692813873291,0.1715019345283508,XArbitraryZVertical,-0.02734022876124509,0.2140874074555564,0.9713565635203641,-0.09942654344202391,0.01054227910935879,-0.4213471114635468,-0.9068381786346436,0,0,0,-1,-1,5154.156747125,walking,2,2022-05-05T13:02:10.389+02:00,2022-05-05T12:55:18.700+02:00,270,0.8798907,0.7205021,1.900869,196.189,0,0,2022-05-05T13:02:05.264+02:00,673441330.3886673,0,1.45,101.4296,1,0.87
2022-05-05T13:02:12.133+02:00,1651748531.999928,53.22892565815408,10.39803003594655,36.83683,0,20,-1,-1,2.400000095367432,7.999579855010836,-9999,5155.900175000001,0.022125244140625,-0.474029541015625,-0.883697509765625,5155.890179,-2.94127127357569,0.01086150408453722,0.4344721307117786,-0.05411291122436523,0.0004486762918531895,-0.1212456077337265,0.2314197719097137,0.03383129835128784,0.09405064582824707,XArbitraryZVertical,-0.02682789582705403,0.2139177986445139,0.9714715249911057,-0.0988063641537333,0.009852194227278233,-0.4209316372871399,-0.9070388674736023,0,0,0,-1,-1,5154.156747125,walking,2,2022-05-05T13:02:10.389+02:00,2022-05-05T12:55:18.700+02:00,270,0.8798907,0.7205021,1.900869,196.189,0,0,2022-05-05T13:02:05.264+02:00,673441330.3886673,0,1.45,101.4296,1,0.87
2022-05-05T13:02:12.143+02:00,1651748531.999928,53.22892565815408,10.39803003594655,36.83683,0,20,-1,-1,2.400000095367432,7.999579855010836,-9999,5155.91017,0.0016937255859375,-0.451568603515625,-0.8938446044921875,5155.900175000001,-2.942356314070304,0.0109017364625014,0.4339173543876655,-0.03403221070766449,-0.1011790186166763,-0.05217665433883667,-0.08511705696582794,-0.1228151619434357,0.0410914421081543,XArbitraryZVertical,-0.02670476486397556,0.2136607885211986,0.9715840204583953,-0.09828807498185226,0.00989123061299324,-0.4204283356666565,-0.9072718620300293,0,0,0,-1,-1,5154.156747125,walking,2,2022-05-05T13:02:10.389+02:00,2022-05-05T12:55:18.700+02:00,270,0.8798907,0.7205021,1.900869,196.189,0,0,2022-05-05T13:02:05.264+02:00,673441330.3886673,0,1.45,101.4296,1,0.87
2022-05-05T13:02:12.153+02:00,1651748531.999928,53.22892565815408,10.39803003594655,36.83683,0,20,-1,-1,2.400000095367432,7.999579855010836,-9999,5155.920166,0.01654052734375,-0.4494781494140625,-0.9024200439453125,5155.91017,-2.942897164479909,0.01034600040313446,0.4339424288773516,0.04343568161129951,-0.05107243731617928,-0.04099670797586441,0.01273833122104406,-0.05357852578163147,0.02356922626495361,XArbitraryZVertical,-0.02637820361142273,0.2137074294392908,0.9716151826536125,-0.09796573356615079,0.00938691571354866,-0.4204510748386383,-0.9072666764259338,0,0,0,-1,-1,5154.156747125,walking,2,2022-05-05T13:02:10.389+02:00,2022-05-05T12:55:18.700+02:00,270,0.8798907,0.7205021,1.900869,196.189,0,0,2022-05-05T13:02:05.264+02:00,673441330.3886673,0,1.45,101.4296,1,0.87
2022-05-05T13:02:12.163+02:00,1651748531.999928,53.22892565815408,10.39803003594655,36.83683,0,20,-1,-1,2.400000095367432,7.999579855010836,-9999,5155.930161,0.0204620361328125,-0.46734619140625,-0.924072265625,5155.920166,-2.943193181684387,0.01000270758129163,0.4346864945726864,0.1076694950461388,-0.04980617389082909,-0.00222101341933012,-0.007378596812486649,-0.03044265508651733,0.01311218738555908,XArbitraryZVertical,-0.02621537541107804,0.2140896714043375,0.9715542034903298,-0.09777910001274823,0.009072325192391872,-0.4211260676383972,-0.9069567322731018,0,0,0,-1,-1,5154.156747125,walking,2,2022-05-05T13:02:10.389+02:00,2022-05-05T12:55:18.700+02:00,270,0.8798907,0.7205021,1.900869,196.189,0,0,2022-05-05T13:02:05.264+02:00,673441330.3886673,0,1.45,101.4296,1,0.87
2022-05-05T13:02:12.173+02:00,1651748531.999928,53.22892565815408,10.39803003594655,36.83683,0,20,-1,-1,2.400000095367432,7.999579855010836,-9999,5155.940157,0.0085296630859375,-0.4668121337890625,-0.947265625,5155.930161,-2.943061819012725,0.009459904294045108,0.435943853608215,0.1459580212831497,-0.05168822780251503,0.03305521979928017,0.007965520024299622,-0.02721208333969116,0.004011332988739014,XArbitraryZVertical,-0.02602595134937828,0.214725365332021,0.9714195371790204,-0.09777425618847203,0.008575009182095528,-0.4222661554813385,-0.9064313173294067,0,0,0,-1,-1,5154.156747125,walking,2,2022-05-05T13:02:10.389+02:00,2022-05-05T12:55:18.700+02:00,270,0.8798907,0.7205021,1.900869,196.189,0,0,2022-05-05T13:02:05.264+02:00,673441330.3886673,0,1.45,101.4296,1,0.87
2022-05-05T13:02:12.183+02:00,1651748531.999928,53.22892565815408,10.39803003594655,36.83683,0,20,-1,-1,2.400000095367432,7.999579855010836,-9999,5155.950152,-0.013092041015625,-0.44671630859375,-0.9566192626953125,5155.940157,-2.942665570249931,0.008779802859963029,0.4376588705982183,0.2068802565336227,-0.05117177218198776,0.0379742756485939,0.01250986661761999,-0.04352611303329468,-0.01836073398590088,XArbitraryZVertical,-0.02582048088474659,0.215586588443367,0.9712236785141739,-0.09787889134040462,0.007952172309160233,-0.4238201677799225,-0.9057114720344543,0,0,0,-1,-1,5154.156747125,walking,2,2022-05-05T13:02:10.389+02:00,2022-05-05T12:55:18.700+02:00,270,0.8798907,0.7205021,1.900869,196.189,0,0,2022-05-05T13:02:05.264+02:00,673441330.3886673,0,1.45,101.4296,1,0.87
2022-05-05T13:02:12.193+02:00,1651748531.999928,53.22892565815408,10.39803003594655,36.83683,0,20,-1,-1,2.400000095367432,7.999579855010836,-9999,5155.960148,-0.01806640625,-0.4571075439453125,-0.950714111328125,5155.950152,-2.942441759387465,0.008370962705872087,0.4401752379292052,0.2989859580993652,-0.005986186675727367,0.00817350298166275,0.0009567402303218842,-0.04071423411369324,-0.04262024164199829,XArbitraryZVertical,-0.0257670074535671,0.2168257270235498,0.9709450239141862,-0.09792141990220259,0.007572929374873638,-0.4260980188846588,-0.9046453237533569,0,0,0,-1,-1,5154.156747125,walking,2,2022-05-05T13:02:10.389+02:00,2022-05-05T12:55:18.700+02:00,270,0.8798907,0.7205021,1.900869,196.189,0,0,2022-05-05T13:02:05.264+02:00,673441330.3886673,0,1.45,101.4296,1,0.87
2022-05-05T13:02:12.203+02:00,1651748531.999928,53.22892565815408,10.39803003594655,36.83683,0,20,-1,-1,2.400000095367432,7.999579855010836,-9999,5155.970143,-0.0673065185546875,-0.4561004638671875,-0.9540252685546875,5155.960148,-2.942464111394613,0.008647960273977115,0.4436384668149762,0.3905927538871765,0.06025342270731926,0.0006376896053552628,-0.02090274170041084,-0.01748788356781006,-0.05345702171325684,XArbitraryZVertical,-0.02606536293306957,0.2184937389950458,0.9705642405444397,-0.09791015822951303,0.007810705341398716,-0.4292285442352295,-0.9031621813774109,0,0,0,-1,-1,5154.156747125,walking,2,2022-05-05T13:02:10.389+02:00,2022-05-05T12:55:18.700+02:00,270,0.8798907,0.7205021,1.900869,196.189,0,0,2022-05-05T13:02:05.264+02:00,673441330.3886673,0,1.45,101.4296,1,0.87
2022-05-05T13:02:12.213+02:00,1651748531.999928,53.22892565815408,10.39803003594655,36.83683,0,20,-1,-1,2.400000095367432,7.999579855010836,-9999,5155.980139,-0.0262603759765625,-0.4462890625,-0.9393768310546875,5155.970143,-2.942572599466203,0.0103497604405699,0.4478520003687848,0.4555086493492126,0.313795417547226,-0.01566991023719311,-0.02739529684185982,-0.02407726645469666,-0.04938298463821411,XArbitraryZVertical,-0.02708107938302505,0.2204565238266205,0.9700825727916249,-0.09800769738486954,0.009328893385827541,-0.433030366897583,-0.9013310670852661,0,0,0,-1,-1,5154.156747125,walking,2,2022-05-05T13:02:10.389+02:00,2022-05-05T12:55:18.700+02:00,270,0.8798907,0.7205021,1.900869,196.189,0,0,2022-05-05T13:02:05.264+02:00,673441330.3886673,0,1.45,101.4296,1,0.87
2022-05-05T13:02:12.223+02:00,1651748531.999928,53.22892565815408,10.39803003594655,36.83683,0,20,-1,-1,2.400000095367432,7.999579855010836,-9999,5155.990134000001,0.1151580810546875,-0.519378662109375,-0.9304351806640625,5155.980139,-2.942745940700537,0.01390578849718579,0.452857428027514,0.5398988723754883,0.2922187447547913,0.005462006665766239,-0.07981020212173462,-0.01856383681297302,-0.05491161346435547,XArbitraryZVertical,-0.02902503753448493,0.2227122407001962,0.9694836232921117,-0.09827683318040079,0.01250369008630514,-0.4375367164611816,-0.8991135954856873,0,0,0,-1,-1,5154.156747125,walking,2,2022-05-05T13:02:10.389+02:00,2022-05-05T12:55:18.700+02:00,270,0.8798907,0.7205021,1.900869,196.189,0,0,2022-05-05T13:02:05.264+02:00,673441330.3886673,0,1.45,101.4296,1,0.87
2022-05-05T13:02:12.233+02:00,1651748531.999928,53.22892565815408,10.39803003594655,36.83683,0,20,-1,-1,2.400000095367432,7.999579855010836,-9999,5156.00013,0.0064697265625,-0.5235595703125,-0.9688568115234375,5155.990134000001,-2.942785618337144,0.01616214109400286,0.4579871544715504,0.4805841743946075,0.1956338733434677,-0.006818095687776804,-0.04075628146529198,-0.004145532846450806,-0.04254961013793945,XArbitraryZVertical,-0.03035765289979879,0.2250885269091064,0.9688740623098593,-0.09847142515741764,0.01449590921401978,-0.442143589258194,-0.8968271613121033,0,0,0,-1,-1,5154.156747125,walking,2,2022-05-05T13:02:10.389+02:00,2022-05-05T12:55:18.700+02:00,270,0.8798907,0.7205021,1.900869,196.189,0,0,2022-05-05T13:02:05.264+02:00,673441330.3886673,0,1.45,101.4296,1,0.87
2022-05-05T13:02:12.243+02:00,1651748531.999928,53.22892565815408,10.39803003594655,36.83683,0,20,-1,-1,2.400000095367432,7.999579855010836,-9999,5156.010125000001,0.0346527099609375,-0.5139617919921875,-0.981231689453125,5156.00013,-2.943034486846096,0.01865549703389515,0.4626499260912105,0.4709073603153229,0.2782300412654877,-0.01269868761301041,0.09846475720405579,-0.07305774092674255,-0.03571790456771851,XArbitraryZVertical,-0.0317575476276498,0.2272286302093534,0.968316457756195,-0.09859976936998067,0.01669333130121231,-0.4463210105895996,-0.8947172164916992,0,0,0,-1,-1,5154.156747125,walking,2,2022-05-05T13:02:10.389+02:00,2022-05-05T12:55:18.700+02:00,270,0.8798907,0.7205021,1.900869,196.189,0,0,2022-05-05T13:02:05.264+02:00,673441330.3886673,0,1.45,101.4296,1,0.87
